SubwayID,Date,Day,Time,Delay_Durations
3,2023-06-11,Sunday,14:07,1
10,2023-01-09,Monday,18:06,2
10,2023-10-16,Monday,14:14,3
8,2023-09-01,Friday,22:28,4
9,2023-12-14,Thursday,17:32,5
7,2023-08-28,Monday,22:49,6
9,2023-03-13,Monday,12:10,7
8,2023-07-08,Saturday,19:28,8
4,2023-01-30,Monday,01:58,9
9,2023-11-18,Saturday,04:50,10
9,2023-02-22,Wednesday,14:21,11
7,2023-02-11,Saturday,14:19,12
3,2023-09-30,Saturday,02:54,13
3,2023-04-23,Sunday,19:24,14
6,2023-04-10,Monday,07:31,15
2,2023-03-10,Friday,19:26,16
4,2023-06-03,Saturday,13:32,17
6,2023-02-28,Tuesday,16:45,18
3,2023-04-05,Wednesday,00:19,19
9,2023-09-03,Sunday,04:09,20
2,2023-02-06,Monday,19:28,1
5,2023-09-05,Tuesday,04:35,2
10,2023-03-09,Thursday,20:12,3
7,2023-01-28,Saturday,07:07,4
3,2023-09-09,Saturday,18:06,5
8,2023-11-26,Sunday,18:19,6
7,2023-06-10,Saturday,20:21,7
9,2023-10-10,Tuesday,18:11,8
6,2023-06-09,Friday,10:12,9
8,2023-08-02,Wednesday,02:50,10
8,2023-10-09,Monday,01:31,11
2,2023-05-10,Wednesday,20:30,12
9,2023-01-14,Saturday,08:13,13
8,2023-05-07,Sunday,00:43,14
3,2023-04-03,Monday,01:51,15
2,2023-03-09,Thursday,09:26,16
5,2023-12-15,Friday,19:34,17
9,2023-07-13,Thursday,05:52,18
3,2023-04-26,Wednesday,16:13,19
8,2023-11-12,Sunday,11:16,20
1,2023-01-09,Monday,15:04,1
4,2023-02-11,Saturday,05:47,2
8,2023-01-10,Tuesday,05:29,3
4,2023-01-14,Saturday,18:14,4
1,2023-04-30,Sunday,23:49,5
6,2023-06-23,Friday,01:52,6
9,2023-11-06,Monday,00:05,7
2,2023-01-24,Tuesday,23:31,8
7,2023-09-29,Friday,04:13,9
3,2023-11-09,Thursday,19:16,10
1,2023-08-12,Saturday,15:43,11
4,2023-08-05,Saturday,19:16,12
3,2023-12-11,Monday,00:34,13
8,2023-03-14,Tuesday,07:25,14
6,2023-11-16,Thursday,05:21,15
8,2023-11-10,Friday,18:14,16
4,2023-01-21,Saturday,04:24,17
2,2023-07-20,Thursday,22:44,18
6,2023-05-05,Friday,10:55,19
6,2023-09-01,Friday,02:22,20
10,2023-03-29,Wednesday,20:15,1
5,2023-01-07,Saturday,23:17,2
5,2023-05-27,Saturday,07:51,3
3,2023-07-11,Tuesday,04:23,4
2,2023-11-18,Saturday,11:29,5
3,2023-11-18,Saturday,14:44,6
5,2023-10-05,Thursday,01:07,7
10,2023-09-16,Saturday,15:31,8
1,2023-05-06,Saturday,23:27,9
3,2023-08-03,Thursday,03:34,10
4,2023-09-14,Thursday,20:54,11
1,2023-07-14,Friday,10:29,12
4,2023-11-11,Saturday,12:03,13
1,2023-09-21,Thursday,11:00,14
2,2023-08-22,Tuesday,03:19,15
1,2023-07-05,Wednesday,16:29,16
10,2023-04-22,Saturday,21:53,17
9,2023-11-27,Monday,06:52,18
1,2023-04-16,Sunday,18:46,19
1,2023-05-18,Thursday,06:49,20
7,2023-07-05,Wednesday,00:31,1
4,2023-01-08,Sunday,19:41,2
2,2023-05-09,Tuesday,22:39,3
6,2023-09-22,Friday,22:11,4
7,2023-11-18,Saturday,15:18,5
8,2023-11-16,Thursday,01:44,6
3,2023-02-15,Wednesday,13:08,7
5,2023-12-09,Saturday,00:42,8
6,2023-01-13,Friday,05:02,9
8,2023-10-03,Tuesday,14:31,10
7,2023-06-18,Sunday,00:22,11
10,2023-03-11,Saturday,07:49,12
3,2023-07-26,Wednesday,16:41,13
8,2023-09-03,Sunday,10:02,14
2,2023-09-14,Thursday,07:47,15
6,2023-02-03,Friday,17:50,16
5,2023-04-29,Saturday,18:50,17
4,2023-11-10,Friday,05:11,18
6,2023-05-27,Saturday,01:32,19
4,2023-08-08,Tuesday,06:29,20
2,2023-01-06,Friday,09:34,1
2,2023-10-19,Thursday,15:39,2
7,2023-01-25,Wednesday,20:51,3
1,2023-02-16,Thursday,23:35,4
5,2023-12-07,Thursday,15:04,5
3,2023-12-20,Wednesday,00:36,6
6,2023-03-28,Tuesday,18:15,7
8,2023-05-30,Tuesday,16:14,8
8,2023-08-09,Wednesday,06:59,9
9,2023-03-05,Sunday,04:26,10
9,2023-04-22,Saturday,00:01,11
10,2023-06-11,Sunday,05:00,12
3,2023-08-18,Friday,16:50,13
8,2023-01-01,Sunday,00:03,14
5,2023-12-24,Sunday,22:45,15
9,2023-04-29,Saturday,06:15,16
9,2023-10-05,Thursday,16:54,17
6,2023-08-19,Saturday,02:21,18
4,2023-05-24,Wednesday,19:22,19
4,2023-01-26,Thursday,00:54,20
7,2023-09-28,Thursday,06:08,1
8,2023-01-22,Sunday,23:14,2
2,2023-04-12,Wednesday,13:51,3
5,2023-06-11,Sunday,01:29,4
6,2023-01-09,Monday,05:26,5
10,2023-08-21,Monday,15:36,6
9,2023-12-22,Friday,18:48,7
7,2023-08-11,Friday,08:41,8
3,2023-07-23,Sunday,12:15,9
1,2023-01-29,Sunday,10:07,10
5,2023-05-31,Wednesday,01:14,11
6,2023-11-29,Wednesday,05:31,12
8,2023-01-18,Wednesday,16:16,13
2,2023-02-04,Saturday,23:13,14
6,2023-03-29,Wednesday,13:19,15
2,2023-12-27,Wednesday,00:27,16
1,2023-12-27,Wednesday,00:36,17
2,2023-10-05,Thursday,19:21,18
2,2023-05-24,Wednesday,04:57,19
8,2023-02-03,Friday,15:32,20
7,2023-08-22,Tuesday,01:26,1
3,2023-05-22,Monday,04:44,2
2,2023-11-19,Sunday,06:39,3
5,2023-08-31,Thursday,04:21,4
5,2023-03-04,Saturday,09:45,5
4,2023-06-22,Thursday,21:47,6
4,2023-11-18,Saturday,09:38,7
8,2023-09-29,Friday,12:17,8
1,2023-12-30,Saturday,09:01,9
4,2023-05-07,Sunday,21:49,10
3,2023-01-18,Wednesday,11:49,11
10,2023-11-12,Sunday,17:10,12
7,2023-05-24,Wednesday,17:42,13
3,2023-03-06,Monday,18:20,14
1,2023-05-11,Thursday,13:17,15
2,2023-05-25,Thursday,10:16,16
4,2023-05-01,Monday,10:08,17
8,2023-02-13,Monday,05:27,18
5,2023-02-22,Wednesday,11:34,19
6,2023-09-10,Sunday,00:39,20
4,2023-10-06,Friday,18:19,1
2,2023-09-28,Thursday,14:37,2
8,2023-11-21,Tuesday,16:53,3
9,2023-04-24,Monday,06:27,4
1,2023-03-08,Wednesday,11:32,5
7,2023-01-21,Saturday,11:36,6
7,2023-09-20,Wednesday,08:02,7
9,2023-12-18,Monday,19:25,8
6,2023-06-24,Saturday,01:40,9
8,2023-03-01,Wednesday,02:18,10
7,2023-07-08,Saturday,17:17,11
9,2023-03-24,Friday,13:49,12
5,2023-05-19,Friday,17:17,13
6,2023-10-28,Saturday,20:04,14
5,2023-07-07,Friday,13:34,15
3,2023-07-27,Thursday,12:52,16
9,2023-06-06,Tuesday,12:57,17
9,2023-08-31,Thursday,14:12,18
5,2023-10-18,Wednesday,08:10,19
10,2023-05-19,Friday,21:44,20
8,2023-08-23,Wednesday,19:24,1
3,2023-12-06,Wednesday,22:36,2
5,2023-04-13,Thursday,02:11,3
5,2023-06-10,Saturday,20:48,4
1,2023-02-24,Friday,11:17,5
5,2023-09-20,Wednesday,20:27,6
1,2023-06-24,Saturday,13:36,7
2,2023-12-13,Wednesday,04:15,8
3,2023-06-25,Sunday,15:41,9
3,2023-06-10,Saturday,17:34,10
6,2023-08-29,Tuesday,16:51,11
5,2023-10-30,Monday,08:44,12
1,2023-03-31,Friday,00:56,13
5,2023-11-11,Saturday,11:18,14
1,2023-11-22,Wednesday,00:24,15
3,2023-08-12,Saturday,12:54,16
10,2023-11-28,Tuesday,06:57,17
8,2023-09-29,Friday,20:28,18
10,2023-01-06,Friday,07:13,19
6,2023-10-13,Friday,14:03,20
3,2023-02-19,Sunday,06:16,1
4,2023-03-16,Thursday,07:16,2
8,2023-07-21,Friday,00:31,3
6,2023-07-11,Tuesday,04:11,4
5,2023-05-04,Thursday,03:53,5
6,2023-08-31,Thursday,09:49,6
3,2023-02-20,Monday,15:43,7
8,2023-02-02,Thursday,18:23,8
4,2023-11-30,Thursday,05:18,9
3,2023-12-12,Tuesday,05:56,10
7,2023-12-18,Monday,21:16,11
10,2023-03-12,Sunday,05:48,12
4,2023-05-13,Saturday,21:34,13
5,2023-09-06,Wednesday,08:30,14
4,2023-11-14,Tuesday,00:03,15
4,2023-03-07,Tuesday,18:52,16
7,2023-10-20,Friday,03:52,17
6,2023-12-04,Monday,10:39,18
6,2023-01-29,Sunday,00:48,19
6,2023-11-19,Sunday,04:54,20
1,2023-11-28,Tuesday,16:06,1
7,2023-08-28,Monday,02:42,2
3,2023-01-11,Wednesday,19:38,3
5,2023-02-26,Sunday,16:19,4
3,2023-02-21,Tuesday,17:21,5
8,2023-09-27,Wednesday,08:11,6
9,2023-04-25,Tuesday,12:54,7
4,2023-05-30,Tuesday,22:19,8
5,2023-10-03,Tuesday,07:56,9
1,2023-04-18,Tuesday,02:41,10
8,2023-10-04,Wednesday,07:25,11
2,2023-04-18,Tuesday,03:12,12
3,2023-04-10,Monday,00:01,13
10,2023-09-06,Wednesday,23:09,14
6,2023-12-28,Thursday,00:41,15
5,2023-05-30,Tuesday,18:23,16
7,2023-07-03,Monday,12:24,17
5,2023-05-23,Tuesday,16:16,18
8,2023-06-24,Saturday,20:18,19
4,2023-12-24,Sunday,09:10,20
9,2023-07-07,Friday,16:36,1
5,2023-11-22,Wednesday,10:27,2
3,2023-09-27,Wednesday,15:57,3
7,2023-01-24,Tuesday,12:38,4
3,2023-01-16,Monday,06:10,5
5,2023-08-02,Wednesday,13:04,6
10,2023-07-31,Monday,11:15,7
1,2023-12-21,Thursday,15:45,8
6,2023-05-11,Thursday,21:07,9
10,2023-01-05,Thursday,22:00,10
4,2023-09-13,Wednesday,00:43,11
10,2023-11-16,Thursday,20:16,12
2,2023-07-22,Saturday,08:07,13
7,2023-11-08,Wednesday,04:44,14
10,2023-11-26,Sunday,18:49,15
7,2023-02-11,Saturday,21:12,16
4,2023-03-16,Thursday,20:45,17
1,2023-02-15,Wednesday,07:19,18
3,2023-01-20,Friday,04:23,19
6,2023-09-08,Friday,19:19,20
5,2023-12-06,Wednesday,12:14,1
4,2023-06-13,Tuesday,21:59,2
2,2023-08-23,Wednesday,05:41,3
9,2023-11-13,Monday,14:18,4
10,2023-02-09,Thursday,00:08,5
5,2023-07-05,Wednesday,06:52,6
2,2023-03-19,Sunday,06:20,7
1,2023-01-14,Saturday,05:30,8
1,2023-07-06,Thursday,07:46,9
4,2023-10-16,Monday,17:06,10
6,2023-08-21,Monday,11:36,11
7,2023-05-17,Wednesday,17:13,12
3,2023-02-06,Monday,19:15,13
2,2023-01-07,Saturday,09:16,14
5,2023-01-20,Friday,22:59,15
8,2023-07-21,Friday,20:59,16
1,2023-05-26,Friday,02:56,17
5,2023-10-04,Wednesday,11:40,18
7,2023-05-23,Tuesday,09:19,19
9,2023-01-06,Friday,14:42,20
2,2023-05-03,Wednesday,18:51,1
4,2023-07-27,Thursday,11:47,2
5,2023-01-14,Saturday,01:21,3
1,2023-03-20,Monday,04:48,4
1,2023-02-23,Thursday,10:46,5
9,2023-11-29,Wednesday,23:22,6
6,2023-12-17,Sunday,10:43,7
4,2023-08-22,Tuesday,23:26,8
9,2023-11-18,Saturday,03:06,9
9,2023-09-07,Thursday,15:34,10
6,2023-04-24,Monday,22:49,11
9,2023-07-28,Friday,11:28,12
9,2023-08-18,Friday,14:26,13
3,2023-06-15,Thursday,19:52,14
7,2023-12-10,Sunday,18:34,15
5,2023-09-04,Monday,08:20,16
7,2023-04-22,Saturday,22:24,17
5,2023-07-20,Thursday,09:42,18
9,2023-05-19,Friday,23:48,19
9,2023-04-06,Thursday,04:49,20
1,2023-10-21,Saturday,07:27,1
6,2023-05-24,Wednesday,19:40,2
10,2023-03-29,Wednesday,12:43,3
6,2023-02-12,Sunday,08:56,4
10,2023-07-05,Wednesday,12:20,5
10,2023-01-18,Wednesday,17:20,6
5,2023-07-20,Thursday,11:02,7
9,2023-03-31,Friday,09:51,8
7,2023-05-22,Monday,20:49,9
1,2023-04-10,Monday,09:05,10
1,2023-03-09,Thursday,15:23,11
1,2023-04-22,Saturday,13:22,12
6,2023-06-12,Monday,08:21,13
8,2023-05-29,Monday,07:19,14
4,2023-03-08,Wednesday,15:44,15
4,2023-08-21,Monday,14:17,16
3,2023-09-10,Sunday,15:20,17
1,2023-01-30,Monday,23:06,18
10,2023-04-11,Tuesday,09:10,19
8,2023-02-04,Saturday,04:25,20
3,2023-04-21,Friday,17:27,1
5,2023-04-09,Sunday,04:51,2
3,2023-12-13,Wednesday,08:57,3
7,2023-10-29,Sunday,02:07,4
2,2023-12-13,Wednesday,11:14,5
5,2023-08-26,Saturday,23:23,6
1,2023-06-05,Monday,22:29,7
3,2023-02-16,Thursday,08:57,8
9,2023-01-28,Saturday,08:54,9
8,2023-12-22,Friday,17:21,10
5,2023-02-19,Sunday,15:37,11
9,2023-11-27,Monday,03:24,12
6,2023-06-22,Thursday,09:32,13
4,2023-08-01,Tuesday,09:46,14
1,2023-08-11,Friday,04:42,15
2,2023-07-14,Friday,09:20,16
10,2023-02-02,Thursday,05:09,17
6,2023-06-07,Wednesday,09:33,18
9,2023-12-26,Tuesday,03:37,19
3,2023-09-28,Thursday,01:12,20
7,2023-11-02,Thursday,00:13,1
4,2023-09-17,Sunday,23:37,2
10,2023-12-04,Monday,22:01,3
7,2023-03-12,Sunday,12:07,4
1,2023-07-11,Tuesday,09:03,5
2,2023-04-20,Thursday,11:31,6
10,2023-10-17,Tuesday,08:50,7
8,2023-11-26,Sunday,19:11,8
4,2023-07-09,Sunday,13:21,9
3,2023-10-04,Wednesday,20:25,10
4,2023-04-08,Saturday,05:50,11
5,2023-10-06,Friday,17:04,12
4,2023-04-14,Friday,08:46,13
9,2023-12-04,Monday,08:59,14
7,2023-11-30,Thursday,14:21,15
10,2023-02-21,Tuesday,09:44,16
7,2023-04-24,Monday,19:13,17
10,2023-05-23,Tuesday,06:43,18
10,2023-10-03,Tuesday,23:54,19
8,2023-06-02,Friday,23:22,20
9,2023-01-28,Saturday,05:46,1
3,2023-03-26,Sunday,23:52,2
7,2023-01-24,Tuesday,04:53,3
5,2023-12-18,Monday,09:01,4
9,2023-04-27,Thursday,16:26,5
3,2023-08-22,Tuesday,23:59,6
2,2023-11-04,Saturday,21:39,7
1,2023-01-24,Tuesday,04:01,8
8,2023-04-02,Sunday,22:37,9
10,2023-07-21,Friday,07:15,10
8,2023-11-03,Friday,13:15,11
3,2023-05-23,Tuesday,10:53,12
4,2023-01-02,Monday,03:59,13
1,2023-07-09,Sunday,11:23,14
6,2023-10-31,Tuesday,15:22,15
9,2023-12-09,Saturday,12:47,16
8,2023-11-26,Sunday,08:19,17
6,2023-04-23,Sunday,02:21,18
8,2023-11-04,Saturday,04:34,19
4,2023-05-05,Friday,05:19,20
8,2023-01-30,Monday,08:24,1
4,2023-11-04,Saturday,00:36,2
10,2023-08-23,Wednesday,13:11,3
3,2023-11-16,Thursday,23:49,4
10,2023-02-22,Wednesday,18:59,5
1,2023-11-20,Monday,13:46,6
10,2023-12-05,Tuesday,00:45,7
3,2023-08-14,Monday,16:48,8
1,2023-09-09,Saturday,22:24,9
1,2023-07-09,Sunday,09:42,10
10,2023-12-19,Tuesday,16:08,11
4,2023-04-05,Wednesday,23:33,12
8,2023-11-19,Sunday,02:05,13
8,2023-11-19,Sunday,05:52,14
8,2023-11-13,Monday,06:15,15
2,2023-03-28,Tuesday,03:31,16
1,2023-06-21,Wednesday,01:42,17
2,2023-04-29,Saturday,03:13,18
7,2023-04-26,Wednesday,12:04,19
9,2023-06-01,Thursday,07:17,20
9,2023-08-01,Tuesday,02:13,1
10,2023-02-06,Monday,08:15,2
1,2023-03-07,Tuesday,03:09,3
10,2023-01-19,Thursday,12:02,4
7,2023-06-08,Thursday,18:29,5
8,2023-04-27,Thursday,19:36,6
10,2023-05-05,Friday,17:34,7
5,2023-03-08,Wednesday,15:15,8
7,2023-10-31,Tuesday,18:22,9
9,2023-03-28,Tuesday,04:57,10
1,2023-09-24,Sunday,01:14,11
5,2023-01-28,Saturday,23:38,12
10,2023-06-21,Wednesday,13:05,13
1,2023-12-17,Sunday,13:53,14
3,2023-07-25,Tuesday,18:28,15
1,2023-03-04,Saturday,05:26,16
1,2023-02-04,Saturday,16:28,17
4,2023-03-22,Wednesday,16:58,18
2,2023-11-16,Thursday,19:46,19
9,2023-04-12,Wednesday,19:05,20
2,2023-01-10,Tuesday,09:14,1
9,2023-01-23,Monday,14:24,2
5,2023-05-18,Thursday,17:33,3
8,2023-06-22,Thursday,20:28,4
4,2023-07-14,Friday,07:00,5
9,2023-05-13,Saturday,02:47,6
4,2023-08-19,Saturday,07:12,7
6,2023-09-14,Thursday,20:34,8
2,2023-08-24,Thursday,10:30,9
2,2023-10-25,Wednesday,11:00,10
1,2023-04-05,Wednesday,07:48,11
10,2023-09-10,Sunday,04:24,12
4,2023-04-25,Tuesday,05:12,13
7,2023-02-02,Thursday,10:26,14
10,2023-12-08,Friday,05:06,15
3,2023-11-05,Sunday,15:01,16
7,2023-08-27,Sunday,19:56,17
6,2023-01-24,Tuesday,13:34,18
8,2023-02-22,Wednesday,23:32,19
5,2023-11-15,Wednesday,10:58,20
8,2023-08-10,Thursday,13:51,1
6,2023-02-24,Friday,23:49,2
8,2023-08-12,Saturday,14:01,3
2,2023-09-05,Tuesday,06:53,4
5,2023-06-15,Thursday,08:52,5
10,2023-12-10,Sunday,00:23,6
2,2023-03-03,Friday,13:01,7
1,2023-12-22,Friday,21:45,8
4,2023-10-21,Saturday,00:40,9
9,2023-01-11,Wednesday,05:19,10
3,2023-12-21,Thursday,16:53,11
1,2023-08-03,Thursday,08:30,12
7,2023-03-06,Monday,00:17,13
1,2023-10-19,Thursday,21:25,14
2,2023-04-15,Saturday,00:19,15
6,2023-09-17,Sunday,13:52,16
10,2023-12-15,Friday,06:56,17
8,2023-01-05,Thursday,05:29,18
9,2023-04-21,Friday,11:07,19
6,2023-07-19,Wednesday,18:46,20
6,2023-01-25,Wednesday,13:14,1
9,2023-06-23,Friday,02:11,2
7,2023-04-07,Friday,00:10,3
6,2023-10-24,Tuesday,00:39,4
1,2023-11-21,Tuesday,19:46,5
10,2023-04-09,Sunday,21:06,6
7,2023-07-29,Saturday,15:09,7
9,2023-12-26,Tuesday,03:41,8
6,2023-05-15,Monday,17:10,9
7,2023-02-01,Wednesday,13:24,10
6,2023-08-20,Sunday,15:14,11
7,2023-07-24,Monday,12:50,12
6,2023-11-25,Saturday,08:16,13
7,2023-12-27,Wednesday,11:44,14
7,2023-01-09,Monday,21:44,15
3,2023-08-27,Sunday,12:36,16
10,2023-12-20,Wednesday,01:56,17
5,2023-11-03,Friday,22:17,18
4,2023-09-20,Wednesday,07:08,19
6,2023-01-03,Tuesday,15:31,20
10,2023-01-21,Saturday,14:41,1
4,2023-08-28,Monday,07:09,2
4,2023-11-13,Monday,18:09,3
4,2023-08-24,Thursday,19:25,4
1,2023-07-20,Thursday,04:07,5
7,2023-07-31,Monday,08:26,6
6,2023-09-23,Saturday,06:42,7
4,2023-10-01,Sunday,16:43,8
6,2023-04-03,Monday,11:56,9
7,2023-06-20,Tuesday,10:52,10
6,2023-06-03,Saturday,21:01,11
3,2023-02-07,Tuesday,10:19,12
4,2023-09-19,Tuesday,16:06,13
3,2023-07-08,Saturday,02:54,14
5,2023-05-13,Saturday,19:00,15
3,2023-08-16,Wednesday,04:38,16
4,2023-04-25,Tuesday,22:45,17
9,2023-11-05,Sunday,04:11,18
10,2023-10-15,Sunday,23:28,19
8,2023-01-05,Thursday,20:16,20
9,2023-10-11,Wednesday,14:02,1
9,2023-02-22,Wednesday,00:56,2
6,2023-10-10,Tuesday,12:37,3
2,2023-09-27,Wednesday,13:53,4
3,2023-08-11,Friday,00:13,5
8,2023-07-16,Sunday,15:11,6
1,2023-04-09,Sunday,01:50,7
6,2023-09-08,Friday,14:24,8
7,2023-08-11,Friday,02:29,9
6,2023-10-11,Wednesday,19:13,10
3,2023-11-13,Monday,14:24,11
10,2023-04-10,Monday,19:11,12
5,2023-12-15,Friday,11:28,13
10,2023-08-12,Saturday,20:26,14
6,2023-08-01,Tuesday,08:45,15
8,2023-07-04,Tuesday,21:35,16
3,2023-02-25,Saturday,23:08,17
6,2023-07-28,Friday,15:13,18
3,2023-11-25,Saturday,12:51,19
3,2023-12-31,Sunday,19:06,20
7,2023-09-23,Saturday,00:00,1
6,2023-12-12,Tuesday,22:19,2
1,2023-05-28,Sunday,12:07,3
5,2023-02-23,Thursday,09:50,4
5,2023-07-02,Sunday,08:17,5
6,2023-10-08,Sunday,02:47,6
5,2023-05-03,Wednesday,06:33,7
6,2023-11-30,Thursday,02:23,8
6,2023-08-05,Saturday,08:55,9
7,2023-04-08,Saturday,02:51,10
10,2023-07-02,Sunday,09:44,11
4,2023-11-03,Friday,03:19,12
6,2023-11-17,Friday,10:15,13
9,2023-01-01,Sunday,17:17,14
9,2023-02-06,Monday,12:01,15
7,2023-10-08,Sunday,22:03,16
6,2023-01-13,Friday,08:10,17
8,2023-01-08,Sunday,08:58,18
10,2023-09-23,Saturday,17:26,19
3,2023-09-23,Saturday,02:13,20
6,2023-10-04,Wednesday,13:44,1
2,2023-08-02,Wednesday,02:57,2
1,2023-11-16,Thursday,18:55,3
8,2023-11-11,Saturday,12:42,4
2,2023-07-23,Sunday,19:07,5
1,2023-09-30,Saturday,17:31,6
2,2023-09-30,Saturday,01:58,7
9,2023-12-01,Friday,21:44,8
6,2023-10-20,Friday,04:52,9
1,2023-10-24,Tuesday,12:45,10
2,2023-11-01,Wednesday,21:42,11
7,2023-03-31,Friday,07:16,12
2,2023-10-15,Sunday,10:13,13
9,2023-07-18,Tuesday,01:27,14
4,2023-03-16,Thursday,19:18,15
5,2023-11-06,Monday,14:47,16
2,2023-03-23,Thursday,03:08,17
2,2023-11-02,Thursday,02:25,18
6,2023-11-25,Saturday,06:21,19
3,2023-05-25,Thursday,18:09,20
7,2023-02-16,Thursday,08:42,1
6,2023-07-29,Saturday,16:56,2
10,2023-06-20,Tuesday,04:39,3
8,2023-12-21,Thursday,02:55,4
4,2023-06-07,Wednesday,11:28,5
6,2023-05-09,Tuesday,13:49,6
4,2023-03-09,Thursday,17:48,7
7,2023-06-21,Wednesday,17:23,8
1,2023-05-27,Saturday,07:21,9
5,2023-08-06,Sunday,10:26,10
9,2023-09-28,Thursday,20:22,11
4,2023-01-16,Monday,17:11,12
4,2023-09-20,Wednesday,09:46,13
4,2023-04-29,Saturday,11:00,14
10,2023-07-23,Sunday,22:33,15
5,2023-02-19,Sunday,04:01,16
1,2023-10-14,Saturday,16:01,17
1,2023-03-18,Saturday,10:41,18
2,2023-05-25,Thursday,15:50,19
4,2023-06-09,Friday,11:59,20
8,2023-09-07,Thursday,11:05,1
9,2023-07-06,Thursday,01:40,2
3,2023-01-15,Sunday,10:56,3
9,2023-05-02,Tuesday,18:38,4
7,2023-03-26,Sunday,12:48,5
5,2023-06-09,Friday,09:43,6
10,2023-01-11,Wednesday,00:09,7
1,2023-07-12,Wednesday,21:34,8
4,2023-08-01,Tuesday,02:52,9
6,2023-10-05,Thursday,11:31,10
8,2023-04-20,Thursday,14:47,11
7,2023-08-08,Tuesday,13:04,12
7,2023-03-24,Friday,03:11,13
6,2023-01-06,Friday,16:16,14
8,2023-02-16,Thursday,02:52,15
2,2023-10-10,Tuesday,16:58,16
3,2023-03-10,Friday,13:11,17
1,2023-02-14,Tuesday,19:30,18
2,2023-07-25,Tuesday,21:02,19
3,2023-06-24,Saturday,23:52,20
2,2023-07-08,Saturday,01:48,1
7,2023-06-02,Friday,08:59,2
3,2023-04-23,Sunday,00:10,3
9,2023-09-07,Thursday,00:41,4
2,2023-11-25,Saturday,08:42,5
9,2023-01-18,Wednesday,14:41,6
8,2023-10-18,Wednesday,02:00,7
3,2023-04-29,Saturday,16:59,8
2,2023-09-17,Sunday,21:20,9
9,2023-10-31,Tuesday,09:07,10
10,2023-01-10,Tuesday,12:18,11
4,2023-06-03,Saturday,03:32,12
5,2023-11-07,Tuesday,00:17,13
9,2023-08-31,Thursday,08:28,14
8,2023-05-31,Wednesday,02:38,15
4,2023-04-14,Friday,18:49,16
5,2023-10-18,Wednesday,18:36,17
6,2023-10-23,Monday,12:47,18
10,2023-03-25,Saturday,11:14,19
3,2023-04-13,Thursday,06:43,20
10,2023-07-05,Wednesday,15:53,1
10,2023-10-14,Saturday,22:46,2
2,2023-04-26,Wednesday,13:49,3
2,2023-04-26,Wednesday,05:44,4
2,2023-07-13,Thursday,03:29,5
10,2023-01-09,Monday,09:27,6
6,2023-08-03,Thursday,02:28,7
5,2023-02-15,Wednesday,16:01,8
10,2023-09-23,Saturday,12:55,9
9,2023-06-24,Saturday,01:38,10
1,2023-04-04,Tuesday,23:15,11
8,2023-07-19,Wednesday,03:09,12
4,2023-08-20,Sunday,08:20,13
2,2023-10-26,Thursday,02:08,14
7,2023-05-22,Monday,16:12,15
3,2023-11-28,Tuesday,09:36,16
9,2023-04-10,Monday,10:59,17
9,2023-12-20,Wednesday,18:05,18
4,2023-04-26,Wednesday,10:06,19
10,2023-07-18,Tuesday,05:45,20
1,2023-12-21,Thursday,04:59,1
5,2023-09-01,Friday,02:24,2
6,2023-11-19,Sunday,07:30,3
2,2023-05-23,Tuesday,23:22,4
6,2023-02-07,Tuesday,04:49,5
7,2023-06-04,Sunday,01:13,6
10,2023-10-27,Friday,06:14,7
4,2023-01-12,Thursday,04:52,8
1,2023-03-15,Wednesday,04:38,9
10,2023-04-27,Thursday,14:50,10
7,2023-07-08,Saturday,08:49,11
4,2023-05-17,Wednesday,02:01,12
5,2023-03-20,Monday,02:40,13
3,2023-11-01,Wednesday,12:57,14
9,2023-12-10,Sunday,11:48,15
7,2023-02-04,Saturday,14:26,16
4,2023-06-12,Monday,02:24,17
7,2023-08-08,Tuesday,18:53,18
4,2023-09-17,Sunday,19:17,19
8,2023-04-26,Wednesday,00:17,20
10,2023-02-16,Thursday,05:06,1
8,2023-04-05,Wednesday,13:26,2
1,2023-02-13,Monday,01:47,3
1,2023-01-27,Friday,07:19,4
9,2023-09-28,Thursday,16:25,5
9,2023-04-22,Saturday,18:12,6
5,2023-03-15,Wednesday,15:37,7
6,2023-07-29,Saturday,02:59,8
7,2023-01-09,Monday,10:34,9
5,2023-02-02,Thursday,03:08,10
3,2023-09-14,Thursday,02:09,11
2,2023-09-18,Monday,09:23,12
2,2023-04-07,Friday,14:08,13
4,2023-01-23,Monday,04:43,14
6,2023-04-05,Wednesday,12:44,15
2,2023-12-30,Saturday,09:47,16
5,2023-06-20,Tuesday,18:00,17
3,2023-01-14,Saturday,13:13,18
1,2023-05-28,Sunday,22:35,19
3,2023-12-24,Sunday,03:13,20
4,2023-10-18,Wednesday,18:26,1
10,2023-06-17,Saturday,09:06,2
7,2023-01-26,Thursday,02:11,3
1,2023-01-10,Tuesday,18:03,4
10,2023-01-29,Sunday,16:47,5
1,2023-07-06,Thursday,23:54,6
2,2023-09-09,Saturday,14:44,7
10,2023-01-13,Friday,15:37,8
2,2023-02-16,Thursday,23:06,9
3,2023-06-18,Sunday,01:27,10
9,2023-02-03,Friday,03:50,11
9,2023-07-28,Friday,10:33,12
10,2023-08-02,Wednesday,03:08,13
6,2023-12-28,Thursday,04:35,14
4,2023-10-28,Saturday,13:37,15
3,2023-11-14,Tuesday,14:21,16
7,2023-11-02,Thursday,22:09,17
3,2023-02-20,Monday,07:22,18
4,2023-02-02,Thursday,16:26,19
7,2023-01-10,Tuesday,00:08,20
9,2023-04-30,Sunday,07:22,1
10,2023-02-05,Sunday,13:40,2
3,2023-02-01,Wednesday,03:35,3
2,2023-03-10,Friday,15:37,4
4,2023-07-11,Tuesday,12:01,5
8,2023-02-13,Monday,00:46,6
4,2023-03-02,Thursday,01:10,7
8,2023-07-06,Thursday,06:44,8
9,2023-08-24,Thursday,01:33,9
6,2023-02-15,Wednesday,17:28,10
2,2023-03-28,Tuesday,22:08,11
5,2023-04-24,Monday,15:11,12
5,2023-07-22,Saturday,13:55,13
10,2023-12-27,Wednesday,03:36,14
2,2023-08-01,Tuesday,12:02,15
10,2023-11-06,Monday,20:37,16
1,2023-04-25,Tuesday,23:41,17
10,2023-06-14,Wednesday,22:51,18
1,2023-11-28,Tuesday,01:18,19
5,2023-01-23,Monday,22:58,20
2,2023-01-20,Friday,22:53,1
10,2023-07-01,Saturday,18:00,2
5,2023-07-15,Saturday,00:42,3
8,2023-01-17,Tuesday,17:28,4
8,2023-05-26,Friday,16:22,5
5,2023-11-10,Friday,14:35,6
7,2023-09-29,Friday,03:00,7
10,2023-11-13,Monday,02:00,8
3,2023-08-26,Saturday,20:12,9
3,2023-08-11,Friday,07:07,10
1,2023-08-12,Saturday,20:44,11
6,2023-11-06,Monday,05:19,12
8,2023-05-08,Monday,19:54,13
2,2023-01-08,Sunday,09:12,14
7,2023-06-12,Monday,05:55,15
9,2023-11-26,Sunday,02:46,16
4,2023-04-24,Monday,05:37,17
10,2023-01-16,Monday,22:58,18
2,2023-02-05,Sunday,19:20,19
7,2023-05-13,Saturday,12:41,20
3,2023-01-14,Saturday,11:27,1
6,2023-07-05,Wednesday,17:18,2
1,2023-06-23,Friday,11:04,3
5,2023-04-23,Sunday,23:48,4
1,2023-07-27,Thursday,06:54,5
9,2023-11-27,Monday,22:56,6
2,2023-12-18,Monday,16:04,7
1,2023-07-26,Wednesday,18:37,8
4,2023-08-07,Monday,13:32,9
7,2023-06-06,Tuesday,20:09,10
7,2023-11-15,Wednesday,18:07,11
7,2023-10-03,Tuesday,22:33,12
9,2023-03-23,Thursday,06:17,13
5,2023-05-16,Tuesday,03:53,14
8,2023-01-04,Wednesday,03:02,15
6,2023-03-29,Wednesday,23:23,16
9,2023-03-08,Wednesday,08:34,17
3,2023-08-04,Friday,21:04,18
1,2023-08-30,Wednesday,11:38,19
6,2023-09-27,Wednesday,22:45,20
5,2023-01-21,Saturday,22:41,1
10,2023-05-25,Thursday,04:08,2
6,2023-12-12,Tuesday,22:22,3
10,2023-12-20,Wednesday,03:31,4
2,2023-01-25,Wednesday,10:15,5
9,2023-01-01,Sunday,03:58,6
6,2023-06-04,Sunday,12:22,7
8,2023-09-28,Thursday,18:14,8
4,2023-12-12,Tuesday,21:34,9
5,2023-10-05,Thursday,22:59,10
6,2023-11-02,Thursday,04:17,11
1,2023-05-24,Wednesday,05:40,12
9,2023-06-13,Tuesday,17:35,13
6,2023-05-20,Saturday,23:15,14
4,2023-11-11,Saturday,10:08,15
7,2023-04-01,Saturday,08:33,16
1,2023-01-18,Wednesday,21:27,17
9,2023-07-01,Saturday,02:32,18
4,2023-12-22,Friday,11:32,19
10,2023-11-12,Sunday,14:04,20
2,2023-03-27,Monday,04:55,1
5,2023-02-12,Sunday,04:19,2
10,2023-07-16,Sunday,15:23,3
1,2023-05-04,Thursday,17:21,4
10,2023-04-01,Saturday,03:18,5
6,2023-02-21,Tuesday,16:48,6
4,2023-09-12,Tuesday,23:22,7
4,2023-02-10,Friday,22:51,8
4,2023-12-10,Sunday,10:00,9
5,2023-04-23,Sunday,22:05,10
2,2023-11-14,Tuesday,07:17,11
2,2023-05-01,Monday,00:07,12
6,2023-10-17,Tuesday,04:35,13
10,2023-01-11,Wednesday,17:00,14
9,2023-03-21,Tuesday,21:11,15
8,2023-07-26,Wednesday,05:49,16
8,2023-01-18,Wednesday,14:56,17
6,2023-08-07,Monday,21:20,18
5,2023-11-11,Saturday,02:02,19
10,2023-10-30,Monday,13:41,20
1,2023-02-09,Thursday,04:21,1
4,2023-06-23,Friday,17:07,2
5,2023-01-31,Tuesday,22:17,3
6,2023-03-14,Tuesday,19:50,4
5,2023-02-09,Thursday,10:06,5
8,2023-02-05,Sunday,17:48,6
3,2023-11-05,Sunday,05:26,7
5,2023-10-04,Wednesday,09:32,8
1,2023-03-10,Friday,13:37,9
2,2023-01-30,Monday,05:30,10
7,2023-01-06,Friday,02:55,11
9,2023-12-07,Thursday,05:28,12
10,2023-06-12,Monday,07:04,13
5,2023-06-13,Tuesday,14:52,14
5,2023-04-02,Sunday,13:05,15
3,2023-01-02,Monday,10:28,16
9,2023-10-26,Thursday,11:38,17
7,2023-04-17,Monday,16:58,18
1,2023-11-14,Tuesday,06:41,19
3,2023-12-23,Saturday,14:53,20
3,2023-11-10,Friday,01:48,1
4,2023-06-24,Saturday,10:01,2
10,2023-04-21,Friday,03:49,3
7,2023-08-29,Tuesday,13:06,4
1,2023-05-24,Wednesday,19:20,5
9,2023-12-05,Tuesday,00:01,6
6,2023-10-16,Monday,08:22,7
9,2023-06-03,Saturday,19:48,8
5,2023-05-21,Sunday,00:36,9
7,2023-12-04,Monday,00:43,10
6,2023-02-21,Tuesday,01:14,11
2,2023-08-11,Friday,10:20,12
2,2023-03-10,Friday,10:08,13
6,2023-05-13,Saturday,17:12,14
10,2023-12-17,Sunday,19:08,15
2,2023-10-11,Wednesday,10:18,16
9,2023-10-08,Sunday,08:48,17
8,2023-06-17,Saturday,01:37,18
6,2023-06-17,Saturday,21:38,19
6,2023-07-27,Thursday,12:25,20
3,2023-12-17,Sunday,06:58,1
9,2023-12-24,Sunday,16:48,2
5,2023-10-02,Monday,03:00,3
10,2023-01-06,Friday,05:09,4
2,2023-02-28,Tuesday,21:15,5
8,2023-04-28,Friday,13:13,6
3,2023-07-02,Sunday,19:31,7
10,2023-12-14,Thursday,15:34,8
5,2023-09-09,Saturday,03:52,9
5,2023-02-08,Wednesday,09:44,10
7,2023-09-21,Thursday,23:25,11
8,2023-06-15,Thursday,19:04,12
1,2023-01-03,Tuesday,09:16,13
4,2023-05-16,Tuesday,12:10,14
6,2023-01-03,Tuesday,04:46,15
4,2023-12-15,Friday,03:30,16
1,2023-10-15,Sunday,00:34,17
3,2023-07-21,Friday,16:15,18
9,2023-10-04,Wednesday,21:29,19
3,2023-11-20,Monday,00:45,20
4,2023-05-15,Monday,13:12,1
9,2023-04-11,Tuesday,15:26,2
10,2023-03-17,Friday,06:39,3
9,2023-03-22,Wednesday,03:10,4
10,2023-09-26,Tuesday,15:37,5
8,2023-03-27,Monday,12:05,6
10,2023-10-26,Thursday,22:39,7
6,2023-10-04,Wednesday,13:07,8
2,2023-06-03,Saturday,06:36,9
10,2023-03-11,Saturday,18:14,10
2,2023-07-08,Saturday,13:39,11
5,2023-03-20,Monday,10:18,12
6,2023-01-16,Monday,15:05,13
1,2023-06-21,Wednesday,21:22,14
5,2023-08-21,Monday,17:06,15
4,2023-10-09,Monday,15:42,16
5,2023-07-03,Monday,02:45,17
7,2023-10-03,Tuesday,06:01,18
8,2023-02-17,Friday,14:04,19
1,2023-05-08,Monday,11:03,20
8,2023-07-01,Saturday,04:53,1
9,2023-02-16,Thursday,12:17,2
1,2023-04-02,Sunday,09:24,3
5,2023-10-11,Wednesday,14:46,4
2,2023-05-22,Monday,16:23,5
8,2023-02-27,Monday,18:06,6
8,2023-05-13,Saturday,11:47,7
7,2023-04-11,Tuesday,05:24,8
4,2023-01-15,Sunday,06:22,9
7,2023-05-09,Tuesday,12:13,10
3,2023-12-15,Friday,22:32,11
4,2023-09-29,Friday,07:40,12
9,2023-11-09,Thursday,02:39,13
8,2023-09-20,Wednesday,05:00,14
5,2023-04-24,Monday,01:07,15
4,2023-03-27,Monday,13:11,16
4,2023-12-05,Tuesday,14:21,17
9,2023-02-15,Wednesday,17:56,18
1,2023-11-11,Saturday,11:55,19
4,2023-05-25,Thursday,14:07,20
10,2023-02-21,Tuesday,16:00,1
6,2023-10-26,Thursday,22:13,2
6,2023-01-04,Wednesday,19:47,3
7,2023-10-28,Saturday,23:53,4
6,2023-10-09,Monday,14:23,5
6,2023-05-23,Tuesday,05:29,6
2,2023-07-02,Sunday,20:25,7
5,2023-05-14,Sunday,11:21,8
6,2023-11-27,Monday,23:08,9
1,2023-04-26,Wednesday,08:22,10
1,2023-01-15,Sunday,00:36,11
4,2023-07-24,Monday,11:36,12
3,2023-10-24,Tuesday,06:50,13
10,2023-01-23,Monday,06:14,14
6,2023-08-03,Thursday,09:59,15
2,2023-04-29,Saturday,10:34,16
4,2023-11-21,Tuesday,00:12,17
1,2023-03-15,Wednesday,20:01,18
4,2023-06-17,Saturday,09:47,19
8,2023-11-19,Sunday,00:47,20
3,2023-06-01,Thursday,20:27,1
5,2023-11-06,Monday,08:46,2
2,2023-10-07,Saturday,16:27,3
10,2023-10-19,Thursday,21:17,4
6,2023-08-07,Monday,17:14,5
8,2023-12-21,Thursday,09:45,6
10,2023-10-25,Wednesday,00:47,7
5,2023-04-13,Thursday,15:07,8
4,2023-11-03,Friday,12:07,9
1,2023-04-09,Sunday,03:21,10
5,2023-07-24,Monday,11:08,11
4,2023-07-15,Saturday,08:28,12
10,2023-07-18,Tuesday,19:13,13
3,2023-05-05,Friday,02:12,14
9,2023-07-25,Tuesday,07:21,15
3,2023-01-27,Friday,07:58,16
5,2023-03-19,Sunday,18:46,17
10,2023-10-01,Sunday,14:22,18
8,2023-10-05,Thursday,17:59,19
8,2023-08-06,Sunday,10:37,20
8,2023-11-05,Sunday,01:53,1
6,2023-10-14,Saturday,20:26,2
10,2023-08-10,Thursday,09:38,3
2,2023-10-14,Saturday,07:55,4
10,2023-04-19,Wednesday,17:10,5
2,2023-01-25,Wednesday,20:37,6
4,2023-03-21,Tuesday,20:55,7
6,2023-03-29,Wednesday,17:56,8
9,2023-12-15,Friday,03:22,9
9,2023-09-30,Saturday,13:22,10
6,2023-10-20,Friday,10:12,11
5,2023-05-20,Saturday,02:23,12
9,2023-12-28,Thursday,22:16,13
1,2023-07-10,Monday,18:58,14
3,2023-08-21,Monday,21:30,15
10,2023-03-27,Monday,14:39,16
3,2023-10-29,Sunday,18:22,17
3,2023-01-22,Sunday,04:28,18
3,2023-02-11,Saturday,21:10,19
7,2023-07-22,Saturday,05:04,20
8,2023-12-27,Wednesday,21:36,1
8,2023-08-12,Saturday,02:37,2
4,2023-01-14,Saturday,04:02,3
3,2023-02-10,Friday,08:17,4
5,2023-01-18,Wednesday,06:34,5
4,2023-08-06,Sunday,05:38,6
8,2023-08-08,Tuesday,06:49,7
5,2023-05-13,Saturday,01:00,8
8,2023-12-13,Wednesday,02:54,9
8,2023-12-05,Tuesday,17:13,10
7,2023-02-21,Tuesday,10:28,11
7,2023-12-23,Saturday,01:14,12
5,2023-04-16,Sunday,13:02,13
10,2023-02-16,Thursday,13:17,14
2,2023-04-03,Monday,04:50,15
1,2023-09-10,Sunday,05:13,16
8,2023-04-23,Sunday,23:49,17
2,2023-09-21,Thursday,11:33,18
7,2023-09-04,Monday,19:02,19
10,2023-06-19,Monday,16:41,20
2,2023-09-03,Sunday,03:57,1
6,2023-02-23,Thursday,22:59,2
10,2023-04-14,Friday,05:22,3
10,2023-05-20,Saturday,16:28,4
8,2023-03-12,Sunday,00:25,5
9,2023-11-05,Sunday,22:09,6
1,2023-01-25,Wednesday,02:22,7
2,2023-03-17,Friday,13:17,8
3,2023-03-15,Wednesday,05:33,9
6,2023-03-06,Monday,03:40,10
3,2023-11-09,Thursday,18:26,11
5,2023-04-05,Wednesday,21:36,12
2,2023-02-26,Sunday,04:38,13
5,2023-05-27,Saturday,08:22,14
2,2023-10-07,Saturday,02:06,15
10,2023-06-07,Wednesday,15:31,16
10,2023-12-26,Tuesday,16:04,17
3,2023-07-28,Friday,13:59,18
4,2023-01-19,Thursday,06:40,19
7,2023-08-31,Thursday,08:43,20
